{"cameraMode":{"drawMode":0,"name":"Shaded","section":"Shading Mode"},"sceneLighting":true,"audioPlay":false,"sceneViewState":{"m_AlwaysRefresh":false,"showFog":true,"showSkybox":true,"showFlares":true,"showImageEffects":true,"showParticleSystems":true,"showVisualEffectGraphs":true,"m_FxEnabled":true},"in2DMode":false,"pivot":{"x":3.1947689056396486,"y":0.1143198013305664,"z":2.985383987426758},"rotation":{"x":-0.2574540972709656,"y":0.28923651576042178,"z":-0.08108021318912506,"w":-0.9184146523475647},"size":10.237699508666993,"orthographic":false}