{"cameraMode":{"drawMode":0,"name":"Shaded","section":"Shading Mode"},"sceneLighting":true,"audioPlay":false,"sceneViewState":{"m_AlwaysRefresh":true,"showFog":true,"showSkybox":true,"showFlares":true,"showImageEffects":true,"showParticleSystems":true,"showVisualEffectGraphs":true,"m_FxEnabled":true},"in2DMode":false,"pivot":{"x":17.819625854492189,"y":-0.9199686050415039,"z":-0.6434870958328247},"rotation":{"x":0.0734865739941597,"y":0.7358009815216065,"z":-0.08088544756174088,"w":0.6683472990989685},"size":6.329593658447266,"orthographic":false}